DROP DATABASE IF EXISTS craft;
CREATE DATABASE craft CHARACTER SET UTF8 COLLATE utf8_bin;

USE craft;

CREATE TABLE member (
	id CHAR(36) NOT NULL,
	first_name VARCHAR(255),
	last_name VARCHAR(255),
	PRIMARY KEY(id)
);

CREATE TABLE author (
	id CHAR(36) NOT NULL,
	name VARCHAR(255) NOT NULL,
	PRIMARY KEY (id)
);

CREATE TABLE `user` (
	id CHAR(36) NOT NULL,
	email VARCHAR(255) NOT NULL,
	password VARCHAR(100) NOT NULL,
	role VARCHAR(100) NOT NULL,
	member_id CHAR(36),
	author_id CHAR(36),
	last_logout_date DATETIME,
	PRIMARY KEY (id),
	FOREIGN KEY (member_id) REFERENCES member(id),
	FOREIGN KEY (author_id) REFERENCES author(id),
	UNIQUE (email)
);

CREATE TABLE item (
	id CHAR(36) NOT NULL,
	name VARCHAR(255) NOT NULL,
	description TEXT,
	category VARCHAR(100),
	created_at DATETIME NOT NULL,
	price DOUBLE,
	author_id CHAR(36) NOT NULL,
	PRIMARY KEY (id),
	FOREIGN KEY (author_id) REFERENCES author(id)
);

CREATE TABLE item_image (
	id CHAR(36) NOT NULL,
	name VARCHAR(100) NOT NULL,
	item_id CHAR(36) NOT NULL,
	`order` INT(11) NOT NULL,
	PRIMARY KEY (id),
	FOREIGN KEY (item_id) REFERENCES item(id)
);

CREATE TABLE favourite (
	member_id CHAR(36) NOT NULL,
	author_id CHAR(36) NOT NULL,
	PRIMARY KEY (member_id, author_id),
	FOREIGN KEY (member_id) REFERENCES member(id),
	FOREIGN KEY (author_id) REFERENCES author(id)
);

REPLACE INTO member VALUES
	('ad8765aa-b33f-4e9f-a0b3-c11a26d8c2b0', 'Maria', 'Karcheva'),
	('834c8e56-6464-4143-acbc-b7e48e643a6c', 'Ангел', 'Димитров'),
	('9d700ade-ed19-4bb8-81f6-8733f4ec4ab0', NULL, NULL),
	('5ac2a7e9-9f7e-4ec2-83dc-bb28460f8e40', NULL, NULL),
	('cb97aac4-1b58-4563-b8f7-14060124d49e', NULL, NULL);

REPLACE INTO author VALUES
	('f180cc79-5856-4985-9794-26b7a787bec2', 'Арт точка'),
	('bdfbf791-95ba-401a-8461-8a8ecaf876dd', 'Дървен свят'),
	('91b8bcec-0c65-4aa6-8e9b-3af9a309c802', 'MoreThanSeaGlass'),
	('387927a1-f131-4a45-a7b7-b50969ff3cba', 'Цветно Китно');

REPLACE INTO user VALUES
	('2bee9ef1-7a94-41e3-81d9-4a38e2a6bec8','maria.karcheva@yahoo.com','$e0801$OGKNxhbBab6TpdqAs0l61GND5E2n3tk5plM1J77CYFY=$/XMXe6swplcNEj3reL4Rwg3boLGljXqXzOJ5hyfpPKg=',
	'MEMBER','ad8765aa-b33f-4e9f-a0b3-c11a26d8c2b0',NULL,NULL),
	('efd32e0e-9e96-4947-a6c4-614aafb77fc5','art@email.com','$e0801$OGKNxhbBab6TpdqAs0l61GND5E2n3tk5plM1J77CYFY=$/XMXe6swplcNEj3reL4Rwg3boLGljXqXzOJ5hyfpPKg=',
	'AUTHOR','834c8e56-6464-4143-acbc-b7e48e643a6c','f180cc79-5856-4985-9794-26b7a787bec2',NULL),
	('c2c45aea-14fd-4254-804b-606eaf465a69','dsviat@email.com','$e0801$OGKNxhbBab6TpdqAs0l61GND5E2n3tk5plM1J77CYFY=$/XMXe6swplcNEj3reL4Rwg3boLGljXqXzOJ5hyfpPKg=',
	'AUTHOR','9d700ade-ed19-4bb8-81f6-8733f4ec4ab0','bdfbf791-95ba-401a-8461-8a8ecaf876dd',NULL),
	('5b7d0db3-e3b2-41c0-b685-ac1410067313','sea@email.com','$e0801$OGKNxhbBab6TpdqAs0l61GND5E2n3tk5plM1J77CYFY=$/XMXe6swplcNEj3reL4Rwg3boLGljXqXzOJ5hyfpPKg=',
	'AUTHOR','5ac2a7e9-9f7e-4ec2-83dc-bb28460f8e40','91b8bcec-0c65-4aa6-8e9b-3af9a309c802',NULL),
	('2814620a-3497-42aa-9020-bba97dfdfb65','kitno@email.com','$e0801$OGKNxhbBab6TpdqAs0l61GND5E2n3tk5plM1J77CYFY=$/XMXe6swplcNEj3reL4Rwg3boLGljXqXzOJ5hyfpPKg=',
	'AUTHOR','cb97aac4-1b58-4563-b8f7-14060124d49e','387927a1-f131-4a45-a7b7-b50969ff3cba',NULL);

REPLACE INTO item VALUES
	('cd8c8983-dc7a-4570-97ca-ed2a218b18ba','Възглавница с бухали','Тази възглавница ще внесе красота и настроение във вашия дом.\n\nРазмери: 33х33см.\n\nМатериал: памучни платове, силиконов пълнеж\n\nhttp://www.owl-in-home.com','PILLOW','2019-03-08 12:12:01', 14.5,'f180cc79-5856-4985-9794-26b7a787bec2'),
	('64605868-ab4d-40a1-9b1e-28c5ac5a7ae0', 'Възглавница пролет', 'Тази възглавница ще внесе красота и настроение във вашия дом.\n\nРазмери: 33х33см.\n\nМатериал: памучни платове, силиконов пълнеж\n\nhttp://www.owl-in-home.com', 'PILLOW','2019-03-01 10:15:01', 14.5,'f180cc79-5856-4985-9794-26b7a787bec2'),
	('52038cd8-91b7-4852-abec-fa8281edef68', 'Възглавница Star Wars', 'За феновете на Star Wars това е отличен начин да декорирате своя дом.\n\nРазмери: 40х40см.\n\nМатериал: памук, силиконов пълнеж', 'PILLOW','2019-03-07 23:11:32', 20,'f180cc79-5856-4985-9794-26b7a787bec2'),
	('9f159664-9f73-4c17-aa76-297ddd4a5ca4', 'Обеци с авантюрин', 'Обеци със зелен авантюрин. Кукичите са направени от сребро 925. Големина 2-3 см\n\nwww.nakitiburleno.com', 'EARRINGS','2019-03-07 23:11:32', 20,'f180cc79-5856-4985-9794-26b7a787bec2'),
	('7b3ebcf3-73d5-4342-a653-eda72195d025', 'Обеци капки', 'Обеците пристигат в специално изработена кутия със сърце\n\nМатериали: Картинката върху обеците е отпечатена върху водоустойчива хартия и е защитена със стъклен кабошон\n\nРазмери:25х18мм', 'EARRINGS','2019-03-07 23:11:32', 10,'f180cc79-5856-4985-9794-26b7a787bec2'),
	('5dd0b033-c131-4544-93ee-815cb419d7dc', 'Обеци от полимерна глина', 'Нежни обеците изработени от полимерна глина и сребърни винтчета.\n\nРазмер : 2,5 см', 'EARRINGS','2019-03-07 23:11:32', 36,'f180cc79-5856-4985-9794-26b7a787bec2'),
	('749cfa82-bb71-407d-ab3c-6ac52c69a553', 'Обеци рози', 'Висококачествена изработка от розово злато. Обеците изключително нежни и са подходящи за всеки тоалет.\n\n.Материал:розово злато\n\nРазмери:10х10мм', 'EARRINGS','2019-03-07 23:11:32', 50,'f180cc79-5856-4985-9794-26b7a787bec2'),
	('708b4f7f-6f96-4df2-9049-31fcf5baa407', 'Обеци с издълбани морски звезди', 'Обеците са направени от изгладени от вълните стъкла, намерени на брега на морето.\n\nМатериали: морско стъкло, сребро 925. Размери: дължина 3см', 'EARRINGS','2019-03-07 23:11:32', 23,'91b8bcec-0c65-4aa6-8e9b-3af9a309c802'),
	('94c10ef1-74de-4864-9d8a-e70484899a41', 'Обеци с издълбани сърца', 'Обеците са направени от изгладени от вълните стъкла, намерени на брега на морето.\n\nМатериали: морско стъкло, сребро 925. Размери: дължина 3см', 'EARRINGS','2019-03-07 23:11:32', 26,'91b8bcec-0c65-4aa6-8e9b-3af9a309c802'),
	('45544ac1-a268-482f-a962-8cc173cacb8e', 'Обеци дървени капки', 'Уникални дървени обеци за тези, които искат да променят стила си.\n\nРазмери: 77х37мм', 'EARRINGS','2019-03-07 23:11:32', 13.5,'bdfbf791-95ba-401a-8461-8a8ecaf876dd'),
	('79b81e81-0da7-4763-80d5-fecab9359a99', 'Дървени кръгли обеци', 'Дървени обеци с интересен дизайн. Изработени са от дърво и неръждаема стомана', 'EARRINGS','2019-03-07 23:11:32', 13.4,'bdfbf791-95ba-401a-8461-8a8ecaf876dd'),
	('8eb162b7-45af-455b-b07b-693924994d08', 'Дървени обеци Монстера листа', 'Леки и елегантни за онези които ценят ръчно изработените продукти.\n\nРазмери:5х3.1см', 'EARRINGS','2019-03-07 23:11:32', 16,'bdfbf791-95ba-401a-8461-8a8ecaf876dd'),
	('a46019f9-7b56-457a-909a-da5bbb82c09e', 'Дървени обеци с тюркоазена смола', 'Леки и комфортни обеци за носене\n\nРазмери: 3х1.5см', 'EARRINGS','2019-03-07 23:11:32', 27,'bdfbf791-95ba-401a-8461-8a8ecaf876dd'),
	('244793c4-ac51-41ea-adb8-e7b7994676bd', 'Лале обеци', 'Дълги обеци от истинско лале в нежен тюркоазено син цвят, който ще ви донесе много настроение. Обеците са уникат, не могат да бъдат повторени.\n\nДължина на обеците с кукичките - около 5,5 см.\n\nКукички от медицинска стомана - не предизвикват алергия, не почерняват. Може да изберете и опция - сребърни кукички.\n\nОбеците ще получите в красива торбичка от органза, придружени със сертификат за качество.', 'EARRINGS','2019-03-07 23:11:32', 33,'387927a1-f131-4a45-a7b7-b50969ff3cba'),
	('9c3c5471-379d-44f6-825d-ac8e0ca9229c', 'Малки обеци от роза', 'Нежни обеци изработени от малки, пъстри листенца на роза.\n\nДължина на обеците с кукичките - около 3,5 см.\n\nСребърни кукички.\n\nОбеците ще получите в красива торбичка от органза, придружени със сертификат за качество.', 'EARRINGS','2019-03-07 23:11:32', 29,'387927a1-f131-4a45-a7b7-b50969ff3cba');

REPLACE INTO item_image VALUES
	('9ed87836-d42f-4fbf-a5f4-cc38b481d243','1.jpg','cd8c8983-dc7a-4570-97ca-ed2a218b18ba',1),
	('97151fa9-fdb6-4b75-9556-4fa2a5a87df6','2.jpg','cd8c8983-dc7a-4570-97ca-ed2a218b18ba',2),
	('5de23216-5f93-488b-a034-27872f130269','1.jpg','64605868-ab4d-40a1-9b1e-28c5ac5a7ae0',1),
	('5c2af457-a07f-4c0f-95ae-ff9e297dc581','2.jpg','64605868-ab4d-40a1-9b1e-28c5ac5a7ae0',2),
	('9d9af93b-b1c7-47b6-9f7a-606e2d2009a8','1.jpg','52038cd8-91b7-4852-abec-fa8281edef68',1),
	('e4ff7555-7e47-4beb-af77-1c2b81ec0adf','1.jpg','9f159664-9f73-4c17-aa76-297ddd4a5ca4',1),
	('7a49f4af-9b7c-4cf6-b9ff-c97fbd6efa22','1.jpg','7b3ebcf3-73d5-4342-a653-eda72195d025',1),
	('dd24d4fa-22d5-4bce-9b74-99e04700a07a','2.jpg','7b3ebcf3-73d5-4342-a653-eda72195d025',2),
	('960e0464-d673-448b-9308-021684f5ef5f','1.jpg','5dd0b033-c131-4544-93ee-815cb419d7dc',1),
	('a55621e2-f2b8-41c9-96bc-75dcf0816b9c','2.jpg','5dd0b033-c131-4544-93ee-815cb419d7dc',2),
	('384173cb-12a0-4fee-be68-745d51094c39','1.jpg','749cfa82-bb71-407d-ab3c-6ac52c69a553',1),
	('4be0db34-6a92-492a-bc84-c117ed1518a9','2.jpg','749cfa82-bb71-407d-ab3c-6ac52c69a553',2),
	('3c4c7326-e5bb-4405-83f5-f2b1fc9891c2','1.jpg','708b4f7f-6f96-4df2-9049-31fcf5baa407',1),
	('7daa2720-d199-460d-8b78-485d957a96ad','2.jpg','708b4f7f-6f96-4df2-9049-31fcf5baa407',2),
	('f41dd4ed-dd7f-4028-8283-2fb084078f24','1.jpg','94c10ef1-74de-4864-9d8a-e70484899a41',1),
	('c1785613-28cc-4d30-865e-e0adac14f29d','2.jpg','94c10ef1-74de-4864-9d8a-e70484899a41',2),
	('352dcd6d-de69-41a9-a3e4-0926335163ef','1.jpg','45544ac1-a268-482f-a962-8cc173cacb8e',1),
	('a3a05db0-d0a1-49bb-b77e-ae4eb3465998','2.jpg','45544ac1-a268-482f-a962-8cc173cacb8e',2),
	('18b59904-1e9f-4436-b3cd-113c6a6ea4c9','1.jpg','79b81e81-0da7-4763-80d5-fecab9359a99',1),
	('b99f17f6-7fb1-443a-a14c-a7295ce5fa6a','2.jpg','79b81e81-0da7-4763-80d5-fecab9359a99',2),
	('51ab6c29-ff64-456e-89ef-46f3fab45de3','1.jpg','8eb162b7-45af-455b-b07b-693924994d08',1),
	('f68c17a6-9553-4cc2-a5e0-158ba360033d','2.jpg','8eb162b7-45af-455b-b07b-693924994d08',2),
	('37728b66-60c0-4601-9ad2-324999013e3b','1.jpg','a46019f9-7b56-457a-909a-da5bbb82c09e',1),
	('c3c48f49-a598-49e9-99d0-351314b9e100','1.jpg','244793c4-ac51-41ea-adb8-e7b7994676bd',1),
	('fd6f4531-de8c-4e33-a80a-0c0da62ce229','2.jpg','244793c4-ac51-41ea-adb8-e7b7994676bd',2),
	('89640f19-50d2-4ecd-9871-e6079614e3c0','1.jpg','9c3c5471-379d-44f6-825d-ac8e0ca9229c',1),
	('b8839dbe-c679-40b9-90c0-a26b131a501c','2.jpg','9c3c5471-379d-44f6-825d-ac8e0ca9229c',2);

REPLACE INTO favourite VALUES
	('ad8765aa-b33f-4e9f-a0b3-c11a26d8c2b0', 'f180cc79-5856-4985-9794-26b7a787bec2'),
	('ad8765aa-b33f-4e9f-a0b3-c11a26d8c2b0', '91b8bcec-0c65-4aa6-8e9b-3af9a309c802');

CREATE TABLE category (
	id VARCHAR(50) NOT NULL,
	name VARCHAR(50) NOT NULL,
	parent VARCHAR(50),
	`order` INT(11),
	PRIMARY KEY (id),
	FOREIGN KEY (parent) REFERENCES category(id)
);

REPLACE INTO category VALUES
	('HOLIDAYS', 'Празници', NULL, 0),
	('JEWELRY', 'Бижута', NULL, 2),
	('HOME', 'За дома', NULL, 1),
	('KNITTING', 'Плетива', NULL, 3),
	('CHRISTMAS', 'Коледа', 'HOLIDAYS', 0),
	('EASTER', 'Великден', 'HOLIDAYS', 1),
	('PILLOW', 'Възглавници', 'HOME', 0),
	('VASE', 'Вази', 'HOME', 1),
	('CLOCK', 'Часовници', 'HOME', 2),
	('HAT', 'Шапки', 'KNITTING', 0),
	('SCARF', 'Шалове', 'KNITTING', 1),
	('GLOVES', 'Ръкавици', 'KNITTING', 2),
	('EARRINGS', 'Обеци', 'JEWELRY', 0),
	('BRACELET', 'Гривни', 'JEWELRY', 1),
	('JEWELRY_SET', 'Колиета', 'JEWELRY', 2),
	('NECKLACE', 'Комплекти', 'JEWELRY', 3);

-- Clock
REPLACE INTO item VALUES
	('0c2c0b06-a20e-4999-88e6-be6643950faa','Часовник','Ръчно декориран часовник. Техника Декупаж.\n\nДиаметър 20см.','CLOCK','2019-05-05 16:04:04', 15,'387927a1-f131-4a45-a7b7-b50969ff3cba'),
	('59703d97-64bb-42ac-98b0-b8b5a7d851fb','Часовник','Ръчно декориран часовник. Техника Декупаж.\n\nДиаметър 20см.','CLOCK','2019-05-05 16:04:04', 15,'387927a1-f131-4a45-a7b7-b50969ff3cba'),
	('ac184d4d-737f-4f17-9316-ce5452b931f4','Часовник','Ръчно декориран часовник. Техника Декупаж.\n\nДиаметър 20см.','CLOCK','2019-05-05 16:04:04', 15,'387927a1-f131-4a45-a7b7-b50969ff3cba'),
	('3d413a09-d5ff-4c11-9e3d-6d90cf802ba0','Часовник','Ръчно декориран часовник. Техника Декупаж.\n\nДиаметър 20см.','CLOCK','2019-05-05 16:04:04', 15,'387927a1-f131-4a45-a7b7-b50969ff3cba'),
	('1bba50f0-3089-4f89-95cb-2604aa535b54','Часовник','Ръчно декориран часовник. Техника Декупаж.\n\nДиаметър 20см.','CLOCK','2019-05-05 16:04:04', 15,'387927a1-f131-4a45-a7b7-b50969ff3cba'),
	('b25b41d7-f2d0-4c68-80e2-3ddde3a12c9c','Часовник Бухал','Дизайнерски часовник от фурнирован МДФ дъб, 4 мм.\n\nКонтурно лазерно  изрязан с безшумен механизъм, висящ.\n\nРазмери: 40х29см','CLOCK','2019-05-05 16:05:01', 32.5,'bdfbf791-95ba-401a-8461-8a8ecaf876dd'),
	('2208d7a4-90db-4bb5-901b-9aeaeeaa81f8','Часовник Гъбка','Дизайнерски часовник от фурнирован МДФ дъб, 4 мм.\n\nКонтурно лазерно  изрязан с безшумен механизъм, висящ.\n\nРазмери: 27х25см','CLOCK','2019-05-05 16:05:01', 29,'bdfbf791-95ba-401a-8461-8a8ecaf876dd'),
	('4882e46a-6182-4bfd-9318-e12f43cf2cf7','Часовник Овца','Дизайнерски часовник от фурнирован МДФ дъб, 4 мм.\n\nКонтурно лазерно  изрязан с безшумен механизъм, висящ.\n\nРазмери: 39х29см','CLOCK','2019-05-05 16:05:01', 32.5,'bdfbf791-95ba-401a-8461-8a8ecaf876dd'),
	('96aa6a89-6d70-4994-aa21-10a7c4711e65','Часовник Хипопотам','Дизайнерски часовник от фурнирован МДФ дъб, 4 мм.\n\nКонтурно лазерно  изрязан с безшумен механизъм, висящ.\n\nРазмери: 30х40см','CLOCK','2019-05-05 16:05:01', 31,'bdfbf791-95ba-401a-8461-8a8ecaf876dd'),
	('e21e4dcf-5487-4894-8933-0912de9c4f78','Часовник Сърничка','Дизайнерски часовник от фурнирован МДФ дъб, 4 мм.\n\nКонтурно лазерно  изрязан с безшумен механизъм, висящ.\n\nРазмери: 39х29см','CLOCK','2019-05-05 16:05:01', 32.5,'bdfbf791-95ba-401a-8461-8a8ecaf876dd'),
	('d998a599-96ff-438c-ab14-17dca1943071','Часовник Катерица','Дизайнерски часовник от фурнирован МДФ дъб, 4 мм.\n\nКонтурно лазерно  изрязан с безшумен механизъм, висящ.\n\nРазмери: 30х40см','CLOCK','2019-05-05 16:05:01', 31,'bdfbf791-95ba-401a-8461-8a8ecaf876dd'),
	('5fb5495a-edc2-49a5-8134-bc547fdd0e7e','Часовник Слонче','Дизайнерски часовник от фурнирован МДФ дъб, 4 мм.\n\nКонтурно лазерно  изрязан с безшумен механизъм, висящ.\n\nРазмери: 31.3х36см','CLOCK','2019-05-05 16:05:01', 31,'bdfbf791-95ba-401a-8461-8a8ecaf876dd'),
	('21eb5a07-b178-425a-a1dd-9452313fd881','Часовник Гигант Зелен','Дизайнерски часовник от фурнирован МДФ бук.\n\nДекорирана основа с безшумен механизъм и комплект за окачване.\n\nДиаметър: 67.5см','CLOCK','2019-05-05 16:04:01', 31,'bdfbf791-95ba-401a-8461-8a8ecaf876dd'),
	('0fd64a76-6680-4de4-ae36-01e1905b123e','Часовник Гигант Светъл','Дизайнерски часовник от фурнирован МДФ бук.\n\nДекорирана основа с безшумен механизъм и комплект за окачване.\n\nДиаметър: 67.5см','CLOCK','2019-05-05 16:04:01', 31,'bdfbf791-95ba-401a-8461-8a8ecaf876dd'),
	('8449f40c-12b6-4e55-8701-b04908f4e1cd','Часовник Гигант Тъмен','Дизайнерски часовник от фурнирован МДФ бук.\n\nДекорирана основа с безшумен механизъм и комплект за окачване.\n\nДиаметър: 67.5см','CLOCK','2019-05-05 16:04:01', 31,'bdfbf791-95ba-401a-8461-8a8ecaf876dd');

REPLACE INTO item_image VALUES
	('df19f2ab-f38b-4bdc-8acc-6267911b6492','1.jpg','0c2c0b06-a20e-4999-88e6-be6643950faa',1),
	('da84a706-5a53-4c41-80f0-a586b48047f0','1.jpg','59703d97-64bb-42ac-98b0-b8b5a7d851fb',1),
	('74368e55-ba48-4d16-8069-915587be028f','1.jpg','ac184d4d-737f-4f17-9316-ce5452b931f4',1),
	('0d3652ba-ace7-4c41-89c3-819ca2470eef','1.jpg','3d413a09-d5ff-4c11-9e3d-6d90cf802ba0',1),
	('051b3fae-f88c-4c55-a7af-8fd4ba45ca5e','1.jpg','1bba50f0-3089-4f89-95cb-2604aa535b54',1),
	('042a8974-aa00-49fe-9ae4-7d084f470404','1.jpg','b25b41d7-f2d0-4c68-80e2-3ddde3a12c9c',1),
	('89f1ae4b-c37d-4a56-8316-32f2b2dbf532','1.jpg','2208d7a4-90db-4bb5-901b-9aeaeeaa81f8',1),
	('1b917374-78f8-4cdc-baf4-df72d431761c','1.jpg','4882e46a-6182-4bfd-9318-e12f43cf2cf7',1),
	('9d90e429-c27c-4375-bedf-cea05b8b5e56','1.jpg','96aa6a89-6d70-4994-aa21-10a7c4711e65',1),
	('bcb3e39b-b268-4b59-82ac-1abc857f6798','1.jpg','e21e4dcf-5487-4894-8933-0912de9c4f78',1),
	('c4966530-bbee-4ce9-b87c-e5f5269b358c','1.jpg','d998a599-96ff-438c-ab14-17dca1943071',1),
	('eb3d092a-c9bc-4a1c-8a45-50b79a626319','1.jpg','5fb5495a-edc2-49a5-8134-bc547fdd0e7e',1),
	('ad1c2e2e-09e2-4d93-b221-66cce0afd6ee','1.jpg','21eb5a07-b178-425a-a1dd-9452313fd881',1),
	('59941095-16d3-4c10-adc2-8a2560631557','1.jpg','0fd64a76-6680-4de4-ae36-01e1905b123e',1),
	('77ab7318-98df-4ed1-95c4-bae780283cba','1.jpg','8449f40c-12b6-4e55-8701-b04908f4e1cd',1);

-- Vase
REPLACE INTO item VALUES
	('bfa084e2-9cbb-4774-8d45-e4eea380cd1a','Ваза с макове','Изящна ръчно изрисувана стъклена ваза с макове. Вазата е рисуван с витражни бои и контури. Чудесен подарък за Вас, Вашия дом, близки, приятели, роднини. При необходимост вазата може да се мие ръчно, с мека гъба и препарат за съдове, без да се накисва стъклото предварително. Не използвайте миялна машина или абразивни препарати.\n\nВисочина на вазата: 26см','VASE','2019-05-11 17:04:01', 55,'f180cc79-5856-4985-9794-26b7a787bec2'),
	('e7b64b42-dd6b-4f0f-b168-4bb6313b769a','Ваза с риби','Изящна ръчно изрисувана стъклена ваза с риби. Вазата е рисуван с витражни бои и контури. Чудесен подарък за Вас, Вашия дом, близки, приятели, роднини. При необходимост вазата може да се мие ръчно, с мека гъба и препарат за съдове, без да се накисва стъклото предварително. Не използвайте миялна машина или абразивни препарати.\n\nВисочина на вазата: 26см','VASE','2019-05-11 17:04:01', 55,'f180cc79-5856-4985-9794-26b7a787bec2'),
	('de23e691-1dfb-4e3d-88d5-5a0aafa2e053','Ваза с рози','Изящна ръчно изрисувана стъклена ваза с рози. Вазата е рисуван с витражни бои и контури. Чудесен подарък за Вас, Вашия дом, близки, приятели, роднини. При необходимост вазата може да се мие ръчно, с мека гъба и препарат за съдове, без да се накисва стъклото предварително. Не използвайте миялна машина или абразивни препарати.\n\nВисочина на вазата: 26см','VASE','2019-05-11 17:04:01', 55,'f180cc79-5856-4985-9794-26b7a787bec2'),
	('6a198cee-2d0a-44d2-b828-e9f766ca41a7','Ваза със слънчогледи','Изящна ръчно изрисувана стъклена ваза със слънчогледи. Вазата е рисуван с витражни бои и контури. Чудесен подарък за Вас, Вашия дом, близки, приятели, роднини. При необходимост вазата може да се мие ръчно, с мека гъба и препарат за съдове, без да се накисва стъклото предварително. Не използвайте миялна машина или абразивни препарати.\n\nВисочина на вазата: 26см','VASE','2019-05-11 17:04:01', 55,'f180cc79-5856-4985-9794-26b7a787bec2'),
	('5095a4af-6ee5-4888-8b52-ac9cfecc0050','Ваза Меандър','Вазата е декорирана с цветни стъкла поставени в метална рамка\n\nВисочина на вазата: 25см','VASE','2019-05-07 17:04:01', 95,'f180cc79-5856-4985-9794-26b7a787bec2'),
	('0d8dc2df-abe1-47fe-a848-a7bce2d6690e','Ваза Мида','Вазата е от керамика и порцелин и е изпечена на температура 1100 градуса. Ръчно изрисувана от български майстори.\n\nВисочина: 8.5см','VASE','2019-05-07 17:30:01', 7,'f180cc79-5856-4985-9794-26b7a787bec2'),
	('c2b76bc3-da3b-46fb-a8c8-cf44122a4f50','Ваза Лале','Вазата е от керамика и порцелин и е изпечена на температура 1100 градуса. Ръчно изрисувана от български майстори.\n\nВисочина: 16см','VASE','2019-05-07 17:28:01', 13.5,'f180cc79-5856-4985-9794-26b7a787bec2'),
	('74fb9a02-e0ef-45a8-92b3-c966f77d001d','Ваза Щастие','Ваза от рисувано стъкло.\n\nРазмери: височина 24см, диаметър 8см','VASE','2019-05-07 17:04:01', 28,'f180cc79-5856-4985-9794-26b7a787bec2'),
	('7084f5f6-ee07-4af5-a707-60bdf7ba00fc','Ваза','Вазата е изпълнена с техника декупаж\n\nРазмери: височина 18см, диаметър 8см','VASE','2019-05-07 17:27:01', 24,'f180cc79-5856-4985-9794-26b7a787bec2'),
	('d58d429d-dc04-4782-98f7-80328ad66bb9','Ваза','Ваза от рисувано стъкло.\n\nРазмери: височина 24см, диаметър 8см','VASE','2019-05-07 17:26:01', 28,'f180cc79-5856-4985-9794-26b7a787bec2'),
	('82ad6dc3-68ef-4b44-9724-7a894bfb2a4c','Ваза','Ваза от рисувано стъкло.\n\nРазмери: височина 24см, диаметър 8см','VASE','2019-05-07 17:23:01', 25,'f180cc79-5856-4985-9794-26b7a787bec2'),
	('34da8986-9bfa-4fdc-9b45-327f280c6224','Ваза Лалета','Ръчно изработена керамична ваза\n\nПараметри: Модел - яребица\n\nРазмери - 11х5см\n\nВисочина - 27см','VASE','2019-05-07 17:22:01', 35,'f180cc79-5856-4985-9794-26b7a787bec2');

REPLACE INTO item_image VALUES
	('3320e196-f0dc-4ce2-a914-1450d93a5290','1.jpg','bfa084e2-9cbb-4774-8d45-e4eea380cd1a',1),
	('4005b5c5-c108-439b-9e6f-b36233bf1ac4','1.jpg','e7b64b42-dd6b-4f0f-b168-4bb6313b769a',1),
	('f50fe3d7-92df-4825-b177-31ca45e490d5','1.jpg','de23e691-1dfb-4e3d-88d5-5a0aafa2e053',1),
	('553b77e7-dc08-4a15-97ad-e02f0d8f911c','1.jpg','6a198cee-2d0a-44d2-b828-e9f766ca41a7',1),
	('aac7ec0a-868f-4c90-bd49-8fa044b70511','1.jpg','5095a4af-6ee5-4888-8b52-ac9cfecc0050',1),
	('a7bbebfc-d775-42cf-b246-c2bb04c32b90','1.jpg','0d8dc2df-abe1-47fe-a848-a7bce2d6690e',1),
	('03a90a23-16eb-4dee-bf38-84e62774d377','1.jpg','c2b76bc3-da3b-46fb-a8c8-cf44122a4f50',1),
	('ca598439-90ee-4296-bae7-37df809c2020','1.jpg','74fb9a02-e0ef-45a8-92b3-c966f77d001d',1),
	('d0f8ac5b-84e0-422b-9e4d-86abb70f3801','1.jpg','7084f5f6-ee07-4af5-a707-60bdf7ba00fc',1),
	('20b12b02-eb90-49f9-84a5-faefa6d1da5b','1.jpg','d58d429d-dc04-4782-98f7-80328ad66bb9',1),
	('1c62ed0a-a34b-4ce7-a334-e3d7973ac6a4','1.jpg','82ad6dc3-68ef-4b44-9724-7a894bfb2a4c',1),
	('65a6a61f-d8f4-4db9-8928-24889283bb3c','1.jpg','34da8986-9bfa-4fdc-9b45-327f280c6224',1),
	('cea9a881-0b8f-40d4-9579-10d59153ff0f','2.jpg','34da8986-9bfa-4fdc-9b45-327f280c6224',2),
	('2c25fa96-08b0-43a9-b286-b993d294c18f','3.jpg','34da8986-9bfa-4fdc-9b45-327f280c6224',3),
	('33749658-53a3-4ac8-9cfc-0ef90b2cc09a','4.jpg','34da8986-9bfa-4fdc-9b45-327f280c6224',4),
	('429e7de0-3de5-477a-a21e-5e2d5535326f','5.jpg','34da8986-9bfa-4fdc-9b45-327f280c6224',5);

-- Easter
REPLACE INTO item VALUES
	('94d699e4-d60a-4729-941a-ba43cdc94880','Великденско пиленце','Плетено Великденско пиленце - 3.50 лв за бройка','EASTER','2019-05-07 17:22:01', 3.5,'f180cc79-5856-4985-9794-26b7a787bec2'),
	('c4c28bf5-20ac-441b-8d88-6c0a1135c800','Великденско зайче','Плетено Великденско зайче - 3.50 лв за бройка','EASTER','2019-05-07 17:21:01', 3.5,'f180cc79-5856-4985-9794-26b7a787bec2'),
	('2b0e0ed3-19d9-40e0-b8e4-5e8cdb59febd','Кошница','Декорирана кошница\n\nРазмери - диаметър 22см, дълбочина 10см','EASTER','2019-05-07 17:20:01', 10,'f180cc79-5856-4985-9794-26b7a787bec2'),
	('02ad1a42-9b2b-43d8-8c57-63e1f34a18ac','Панер','Ръчно изработен малък панер, изплетен от лакирани хартиени пръчици.\n\nДиаметър - 15см, височина 7см','EASTER','2019-05-07 17:19:01', 6.5,'f180cc79-5856-4985-9794-26b7a787bec2'),
	('a6174af6-699e-425b-9aae-a30c81fcd0f1','Панер','Ръчно изработен малък панер, изплетен от лакирани хартиени пръчици.\n\nДиаметър - 15см, височина 7см','EASTER','2019-05-07 17:18:01', 6.5,'f180cc79-5856-4985-9794-26b7a787bec2'),
	('9375595f-d363-4180-804d-e0721b02796a','Панер от хартиени пръчици','Ръчно изработен панер от хартиени пръчици.\n\nДиаметър 22см','EASTER','2019-05-07 17:18:01', 11,'f180cc79-5856-4985-9794-26b7a787bec2'),
	('aa63b110-6982-4b3f-b041-74300e18c9b2','Плетена кошница от хартиени тръбички','Ръчно изработена кошница от хартиени (вестникарски) тръбички.\n\nДиаметър: 20см','EASTER','2019-05-07 17:17:01', 12,'f180cc79-5856-4985-9794-26b7a787bec2'),
	('835e48ac-aaee-4e57-a5d1-dbc32c3de43a','Венец със зайче','Венец за врата, подходящ за Великден. Изработен е от прежда, декориран с клонки, дървена оградка, яйца и зайче и цветя от плат.\n\nРазмер - 25см','EASTER','2019-05-07 17:16:01', 30,'f180cc79-5856-4985-9794-26b7a787bec2'),
	('0c47ec79-b395-4241-9862-482bbb419afa','Венец с пиленца','Венец за врата, подходящ за Великден. изработен от прежда, декориран с черешови клонки и шишарки, дървени яйца и зайче, пиленца от филц и цветя от плат. \n\nРазмер - 25см','EASTER','2019-05-07 17:15:01', 30,'f180cc79-5856-4985-9794-26b7a787bec2');

REPLACE INTO item_image VALUES
	('adbb76a4-8411-4175-a9bf-97e76263147d','1.jpg','94d699e4-d60a-4729-941a-ba43cdc94880',1),
	('160b2db0-2a63-49c1-8d2a-d26abeb06822','1.jpg','c4c28bf5-20ac-441b-8d88-6c0a1135c800',1),
	('b9644a1d-b887-4baf-a4bb-390a1f68d680','1.jpg','2b0e0ed3-19d9-40e0-b8e4-5e8cdb59febd',1),
	('acd4bd64-3045-433f-9394-9c24af86b234','1.jpg','02ad1a42-9b2b-43d8-8c57-63e1f34a18ac',1),
	('59304f69-1133-4b17-9b50-8e27ead85118','1.jpg','a6174af6-699e-425b-9aae-a30c81fcd0f1',1),
	('749fd69b-32b3-415a-b934-076b87322c7c','1.jpg','9375595f-d363-4180-804d-e0721b02796a',1),
	('f0d202fc-0ecb-41dd-9a74-b62b11ab232f','1.jpg','aa63b110-6982-4b3f-b041-74300e18c9b2',1),
	('02805c97-292b-4355-b58c-7ecacfd25f3e','1.jpg','835e48ac-aaee-4e57-a5d1-dbc32c3de43a',1),
	('6c78af95-ba43-4677-bd54-ca9322933a77','2.jpg','835e48ac-aaee-4e57-a5d1-dbc32c3de43a',2),
	('9bdf0f87-79e2-4cc9-b1b0-acb11bee56ab','1.jpg','0c47ec79-b395-4241-9862-482bbb419afa',1),
	('21855d1c-0866-4ec0-bfb2-d9440be0d380','2.jpg','0c47ec79-b395-4241-9862-482bbb419afa',2);

-- Christmas
REPLACE INTO item VALUES
	('f0621cf4-dccc-4d68-9aeb-055013c24a43','Коледна картичка','Ръчно изработена Коледна картичка.\n\nРазмери: 10х15см','CHRISTMAS','2019-05-07 17:29:01', 2.1,'f180cc79-5856-4985-9794-26b7a787bec2'),
	('d93c3605-581b-4139-acfe-48b465e682bb','Картичка Коледна свещ','Квилинг Коледна картичка','CHRISTMAS','2019-05-07 17:29:01', 4,'f180cc79-5856-4985-9794-26b7a787bec2'),
	('8f54a02a-d273-48ea-90de-72f78deb7b25','Коледен венец','Зелен Коледен венец декориран в традиционните за празника цветове, цветя от плат, с шишарки, златна панделка и снежинки.\n\nДиаметър: 25см','CHRISTMAS','2019-05-07 17:20:01', 33,'f180cc79-5856-4985-9794-26b7a787bec2'),
	('0afec85e-31eb-4bad-a39e-78ede3852934','Коледен венец','Тъмно зелен Коледен венец декориран с шишарки, цветя от филц, бяла оградка, дървено копче и снежинки.\n\nДиаметър: 25см','CHRISTMAS','2019-05-07 17:20:01', 33,'f180cc79-5856-4985-9794-26b7a787bec2'),
	('a6c0a188-94ba-4911-8692-d933845e3032','Коледен венец с ангелче','Бял коледен венец в сребърно, бяло и тюркоазено синьо, декориран с цветя от плат, панделка и ангелче от филц. Ангелчето може да се свали от венеца и да се закачи отделно на елхата.\n\nДиаметър: 25см','CHRISTMAS','2019-05-07 17:20:01', 33,'f180cc79-5856-4985-9794-26b7a787bec2'),
	('8814e4ea-0c67-4341-ab17-a01e20f0bcb5','Коледен венец','Пухкав коледен венец в кафяво, златно и кремаво, декориран с цветя от плат, шишарки, жълъд и пръчки канела.\n\nДиаметър: 30см','CHRISTMAS','2019-05-07 17:20:01', 38,'f180cc79-5856-4985-9794-26b7a787bec2'),
	('251be582-14e9-44c4-a3b0-0afd233ad728','Коледен венец в сиво','Пухкав коледен венец в сиво, бяло и сребърно, декориран с цветя от плат, шишарки и панделка.\n\nДиаметър: 25см','CHRISTMAS','2019-05-07 17:20:01', 33,'f180cc79-5856-4985-9794-26b7a787bec2'),
	('8e79652f-7940-4ab2-bb09-c0feca7e912e','Коледна висулка','Декоративната висулка за елха с дядо Коледа е изработена чрез декупажна техника яйчено кракле, която дава релефна визия и прави висулката още по-интересен и желан подарък. Може да се използва многократно, тъй като материалите, от които е направено са защитени от прозрачен безвреден лак, а почистването става с влажна кърпа.','CHRISTMAS','2019-05-07 17:26:01', 6,'f180cc79-5856-4985-9794-26b7a787bec2');

REPLACE INTO item_image VALUES
	('c310d1a1-aa20-4eb1-bcd3-6c3596ab8120','1.jpg','f0621cf4-dccc-4d68-9aeb-055013c24a43',1),
	('b928f71c-d138-4b04-9b2d-a345f74b9298','2.jpg','f0621cf4-dccc-4d68-9aeb-055013c24a43',2),
	('cbe3c97b-2236-4ef1-ac96-b6fca1ecd8c8','1.jpg','d93c3605-581b-4139-acfe-48b465e682bb',1),
	('1fe5a627-45e7-4400-ae07-0050f026e3d6','1.jpg','8f54a02a-d273-48ea-90de-72f78deb7b25',1),
	('0222329a-534b-49ce-a6b3-abc3b4f7be06','1.jpg','0afec85e-31eb-4bad-a39e-78ede3852934',1),
	('f3b56a3a-3402-4047-9cb8-649a6c6f8fcf','1.jpg','a6c0a188-94ba-4911-8692-d933845e3032',1),
	('c03a5239-afc7-4f78-a8a5-befc77af82e0','2.jpg','a6c0a188-94ba-4911-8692-d933845e3032',2),
	('50aaea12-310d-481f-9ce2-707b19e13efa','1.jpg','8814e4ea-0c67-4341-ab17-a01e20f0bcb5',1),
	('dfdf521f-5e09-452f-88cd-e31a61fca905','1.png','251be582-14e9-44c4-a3b0-0afd233ad728',1),
	('4c69931a-6dc8-42ec-94f5-da8f24825211','1.jpg','8e79652f-7940-4ab2-bb09-c0feca7e912e',1);	

-- Gloves
REPLACE INTO item VALUES
	('0b1096b1-d9da-4421-8677-4425400dd971','Ръкавици Виена','Ръкавиците са много топли и удобни.\n\nСъстав на преждите: 49% вълна, 51% акрил','GLOVES','2019-05-07 17:29:01', 35,'387927a1-f131-4a45-a7b7-b50969ff3cba'),
	('d810e5c8-2d74-40eb-b3ff-7cb4e3a46c21','Ръкавици','Ръчно плетени ръкавици с бродерия.\n\nИзползвани материали: акрил','GLOVES','2019-05-07 17:29:01', 29,'387927a1-f131-4a45-a7b7-b50969ff3cba');
	

REPLACE INTO item_image VALUES
	('52e0c77d-7220-49b9-8d09-e2a97f7d2f37','1.jpg','0b1096b1-d9da-4421-8677-4425400dd971',1),
	('87fd0778-9869-4f98-b04b-2f8b9a0cda92','1.jpg','d810e5c8-2d74-40eb-b3ff-7cb4e3a46c21',1);

-- Scarf
REPLACE INTO item VALUES
	('9d135263-7961-4ff2-880b-56325c020e3d','Червен шал','Мек и приятен шал за носене.\n\nСъстав: 25% Вълна, 3% Ламе, 72% Акрил.','SCARF','2019-05-07 17:31:01', 25,'387927a1-f131-4a45-a7b7-b50969ff3cba'),
	('14c06c99-54fd-43d8-bfff-e6f328757f9c','Шал с преливащи цветове','Мек и приятен шал за носене.\n\nСъстав: 49% Вълна, 51% Акрил.','SCARF','2019-05-07 17:29:01', 26,'387927a1-f131-4a45-a7b7-b50969ff3cba'),
	('1eede579-2b43-4713-b008-4d3cf67291bc','Шал с преливащи цветове','Мек и приятна за носене.\n\nСъстав: 100% акрил','SCARF','2019-05-07 17:29:01', 20,'387927a1-f131-4a45-a7b7-b50969ff3cba'),
	('86e51552-2a44-4e03-84fb-3220ad899d50','Зелен шал с цвете','Прежда: 30 % вълна, 70 % Акрил\n\nШирина: 20см\n\nОбиколка: 160см, достатъчна за двойно прехвърляне през главата.\n\nДиаметър на цветето: 8 см','SCARF','2019-05-07 17:20:01', 33,'387927a1-f131-4a45-a7b7-b50969ff3cba'),
	('06dad238-ab32-4bdf-885b-be9283e5ae29','Шал Будапеща','Стилен шал за студената зима.\n\nДължина: ~ 92cм\n\nШирочина: ~ 35см\n\nСъстав: 50% вълна, 50% акрил','SCARF','2019-05-07 17:20:01', 60,'387927a1-f131-4a45-a7b7-b50969ff3cba'),
	('fb8afd47-d477-4708-8468-9b36384cf2fa','Шал Париж','Мек и топъл шал, подходящ и за най-студените зимни дни.\n\nДължина: ~ 185cм\n\nШирочина: ~ 20см\n\nСъстав: 20% вълна, 55% акрил, 25% полиамид','SCARF','2019-05-07 17:20:01', 32,'387927a1-f131-4a45-a7b7-b50969ff3cba');
	
REPLACE INTO item_image VALUES
	('ecb740f6-0aa7-48e8-8863-7a273a79fbe9','1.jpg','9d135263-7961-4ff2-880b-56325c020e3d',1),
	('a9fc80d7-5f78-4475-9589-e954cc73e9d1','1.jpg','14c06c99-54fd-43d8-bfff-e6f328757f9c',1),
	('932e0769-8695-4781-849a-cf9255a82b6a','2.jpg','14c06c99-54fd-43d8-bfff-e6f328757f9c',2),
	('c53e966c-3404-4fa0-baaa-d7cf601afdab','1.jpg','1eede579-2b43-4713-b008-4d3cf67291bc',1),
	('9f511a27-aac7-4fe3-9b0a-7dcaca20578e','2.jpg','1eede579-2b43-4713-b008-4d3cf67291bc',2),
	('60f53776-3605-473f-b7ba-4a3ffd1da5ab','1.jpg','86e51552-2a44-4e03-84fb-3220ad899d50',1),
	('cd5670cd-55c1-4412-b4c8-969d5707196b','1.jpg','06dad238-ab32-4bdf-885b-be9283e5ae29',1),
	('8a51e5a9-dfc1-41a7-8ebc-826db7e1b739','2.png','06dad238-ab32-4bdf-885b-be9283e5ae29',2),
	('4036a07b-8ebe-4bac-8d74-c4b1660f63b3','3.jpg','06dad238-ab32-4bdf-885b-be9283e5ae29',3),
	('d039b4a3-b659-4879-9014-33c23dfac984','4.jpg','06dad238-ab32-4bdf-885b-be9283e5ae29',4),
	('6d3e19ce-0a45-4938-a400-a2430a848bd7','1.jpg','fb8afd47-d477-4708-8468-9b36384cf2fa',1);
